Species,Ploidy,SID,Individual,Primer,Genome,geneCopyNumber,Primer Combo,copiesPerNuc,copiesPerNucAdjusted
As-2X,2,As02_T1_S1_PC3_ccsA,As02,ccsA,Pt,1,3,1070.689655,535.3448275
As-2X,2,As03_T1_S1_PC3_ccsA,As03,ccsA,Pt,1,3,1250.909091,625.4545455
As-2X,2,As04_T1_S1_PC3_ccsA,As04,ccsA,Pt,1,3,1642,821
As-2X,2,As05_T1_S1_PC3_ccsA,As05,ccsA,Pt,1,3,1207.407407,603.7037035
As-2X,2,As06_T1_S1_PC3_ccsA,As06,ccsA,Pt,1,3,1407.407407,703.7037035
As-2X,2,As07_T1_S1_PC3_ccsA,As07,ccsA,Pt,1,3,1334.131737,667.0658685
As-2X,2,As08_T1_S1_PC3_ccsA,As08,ccsA,Pt,1,3,1447.887324,723.943662
As-2X,2,As09_T1_S1_PC3_ccsA,As09,ccsA,Pt,1,3,593.3333333,296.6666667
As-2X,2,As14_T1_S1_PC3_ccsA,As14,ccsA,Pt,1,3,639.5348837,319.7674419
As-2X,2,As16_T1_S1_PC3_ccsA,As16,ccsA,Pt,1,3,1467.532468,733.766234
Ta-6X,6,Ta01_T1_S1_PC3_ccsA,Ta01,ccsA,Pt,1,3,4740.495868,790.0826447
Ta-6X,6,Ta02_T1_S1_PC3_ccsA,Ta02,ccsA,Pt,1,3,4504.615385,750.7692308
Ta-6X,6,Ta03_T1_S1_PC3_ccsA,Ta03,ccsA,Pt,1,3,4960.714286,826.7857143
Ta-6X,6,Ta04_T1_S1_PC3_ccsA,Ta04,ccsA,Pt,1,3,3908.256881,651.3761468
Ta-6X,6,Ta05_T1_S1_PC3_ccsA,Ta05,ccsA,Pt,1,3,4542.857143,757.1428572
Ta-6X,6,Ta06_T1_S1_PC3_ccsA,Ta06,ccsA,Pt,1,3,4421.47651,736.9127517
Ta-6X,6,Ta07_T1_S1_PC3_ccsA,Ta07,ccsA,Pt,1,3,3314.851485,552.4752475
Ta-6X,6,Ta08_T1_S1_PC3_ccsA,Ta08,ccsA,Pt,1,3,5435.294117,905.8823528
Ta-6X,6,Ta09_T1_S1_PC3_ccsA,Ta09,ccsA,Pt,1,3,5082.352942,847.0588237
Ta-6X,6,Ta10_T1_S1_PC3_ccsA,Ta10,ccsA,Pt,1,3,3885.245901,647.5409835
Tt-4X,4,Tt01_T1_S1_PC3_ccsA,Tt01,ccsA,Pt,1,3,5062.5,1265.625
Tt-4X,4,Tt02_T1_S1_PC3_ccsA,Tt02,ccsA,Pt,1,3,3379.104478,844.7761195
Tt-4X,4,Tt03_T1_S1_PC3_ccsA,Tt03,ccsA,Pt,1,3,3651.533742,912.8834355
Tt-4X,4,Tt04_T1_S1_PC3_ccsA,Tt04,ccsA,Pt,1,3,2587.586207,646.8965518
Tt-4X,4,Tt05_T1_S1_PC3_ccsA,Tt05,ccsA,Pt,1,3,3470.588235,867.6470588
Tt-4X,4,Tt06_T1_S1_PC3_ccsA,Tt06,ccsA,Pt,1,3,3831.884058,957.9710145
Tt-4X,4,Tt07_T1_S1_PC3_ccsA,Tt07,ccsA,Pt,1,3,3500,875
Tt-4X,4,Tt08_T1_S1_PC3_ccsA,Tt08,ccsA,Pt,1,3,3458.682635,864.6706588
Tt-4X,4,Tt09_T1_S1_PC3_ccsA,Tt09,ccsA,Pt,1,3,3344.262295,836.0655738
Tt-4X,4,Tt10_T1_S1_PC3_ccsA,Tt10,ccsA,Pt,1,3,3854.545455,963.6363638
Tu-2X,2,Tu01_T1_S1_PC3_ccsA,Tu01,ccsA,Pt,1,3,1981.308411,990.6542055
Tu-2X,2,Tu03_T1_S1_PC3_ccsA,Tu03,ccsA,Pt,1,3,1690.196078,845.098039
Tu-2X,2,Tu04_T1_S1_PC3_ccsA,Tu04,ccsA,Pt,1,3,2331.147541,1165.573771
Tu-2X,2,Tu06_T1_S1_PC3_ccsA,Tu06,ccsA,Pt,1,3,1426.804124,713.402062
Tu-2X,2,Tu09_T1_S1_PC3_ccsA,Tu09,ccsA,Pt,1,3,1780.18018,890.09009
Tu-2X,2,Tu11_T1_S1_PC3_ccsA,Tu11,ccsA,Pt,1,3,1791.245791,895.6228955
Tu-2X,2,Tu12_T1_S1_PC3_ccsA,Tu12,ccsA,Pt,1,3,1143.478261,571.7391305
As-2X,2,As02_T1_S1_PC1_clpP,As02,clpP,Pt,1,1,1844.604317,922.3021585
As-2X,2,As03_T1_S1_PC1_clpP,As03,clpP,Pt,1,1,2029.62963,1014.814815
As-2X,2,As04_T1_S1_PC1_clpP,As04,clpP,Pt,1,1,2616.541353,1308.270677
As-2X,2,As05_T1_S1_PC1_clpP,As05,clpP,Pt,1,1,1190.789474,595.394737
As-2X,2,As06_T1_S1_PC1_clpP,As06,clpP,Pt,1,1,1641.509434,820.754717
As-2X,2,As07_T1_S1_PC1_clpP,As07,clpP,Pt,1,1,1836.666667,918.3333335
As-2X,2,As08_T1_S1_PC1_clpP,As08,clpP,Pt,1,1,2072.727273,1036.363637
As-2X,2,As09_T1_S1_PC1_clpP,As09,clpP,Pt,1,1,740.5940594,370.2970297
As-2X,2,As14_T1_S1_PC1_clpP,As14,clpP,Pt,1,1,1141.732283,570.8661415
As-2X,2,As16_T1_S1_PC1_clpP,As16,clpP,Pt,1,1,1310,655
Ta-6X,6,Ta01_T1_S1_PC1_clpP,Ta01,clpP,Pt,1,1,5788.235295,964.7058825
Ta-6X,6,Ta02_T1_S1_PC1_clpP,Ta02,clpP,Pt,1,1,6192.857143,1032.142857
Ta-6X,6,Ta03_T1_S1_PC1_clpP,Ta03,clpP,Pt,1,1,5672.727272,945.4545453
Ta-6X,6,Ta04_T1_S1_PC1_clpP,Ta04,clpP,Pt,1,1,4746.428572,791.0714287
Ta-6X,6,Ta05_T1_S1_PC1_clpP,Ta05,clpP,Pt,1,1,5221.374045,870.2290075
Ta-6X,6,Ta06_T1_S1_PC1_clpP,Ta06,clpP,Pt,1,1,5283.333333,880.5555555
Ta-6X,6,Ta07_T1_S1_PC1_clpP,Ta07,clpP,Pt,1,1,4090.322581,681.7204302
Ta-6X,6,Ta08_T1_S1_PC1_clpP,Ta08,clpP,Pt,1,1,6800,1133.333333
Ta-6X,6,Ta09_T1_S1_PC1_clpP,Ta09,clpP,Pt,1,1,6160.714286,1026.785714
Ta-6X,6,Ta10_T1_S1_PC1_clpP,Ta10,clpP,Pt,1,1,4643.902439,773.9837398
Tt-4X,4,Tt01_T1_S1_PC1_clpP,Tt01,clpP,Pt,1,1,5575.257732,1393.814433
Tt-4X,4,Tt02_T1_S1_PC1_clpP,Tt02,clpP,Pt,1,1,4308.256881,1077.06422
Tt-4X,4,Tt03_T1_S1_PC1_clpP,Tt03,clpP,Pt,1,1,4489.208633,1122.302158
Tt-4X,4,Tt04_T1_S1_PC1_clpP,Tt04,clpP,Pt,1,1,3750,937.5
Tt-4X,4,Tt05_T1_S1_PC1_clpP,Tt05,clpP,Pt,1,1,3909.774436,977.443609
Tt-4X,4,Tt06_T1_S1_PC1_clpP,Tt06,clpP,Pt,1,1,5180.952381,1295.238095
Tt-4X,4,Tt07_T1_S1_PC1_clpP,Tt07,clpP,Pt,1,1,4919.298246,1229.824562
Tt-4X,4,Tt08_T1_S1_PC1_clpP,Tt08,clpP,Pt,1,1,4309.677419,1077.419355
Tt-4X,4,Tt09_T1_S1_PC1_clpP,Tt09,clpP,Pt,1,1,4295.081967,1073.770492
Tt-4X,4,Tt10_T1_S1_PC1_clpP,Tt10,clpP,Pt,1,1,6090.322581,1522.580645
Tu-2X,2,Tu01_T1_S1_PC1_clpP,Tu01,clpP,Pt,1,1,2319.148936,1159.574468
Tu-2X,2,Tu03_T1_S1_PC1_clpP,Tu03,clpP,Pt,1,1,2090.909091,1045.454546
Tu-2X,2,Tu04_T1_S1_PC1_clpP,Tu04,clpP,Pt,1,1,2067.256637,1033.628319
Tu-2X,2,Tu06_T1_S1_PC1_clpP,Tu06,clpP,Pt,1,1,1637.647059,818.8235295
Tu-2X,2,Tu09_T1_S1_PC1_clpP,Tu09,clpP,Pt,1,1,2324.137931,1162.068966
Tu-2X,2,Tu11_T1_S1_PC1_clpP,Tu11,clpP,Pt,1,1,1802.898551,901.4492755
Tu-2X,2,Tu12_T1_S1_PC1_clpP,Tu12,clpP,Pt,1,1,1066.666667,533.3333335
As-2X,2,As02_T1_S1_PC1_ndhB,As02,ndhB,Pt,2,1,1805.755396,902.877698
As-2X,2,As03_T1_S1_PC1_ndhB,As03,ndhB,Pt,2,1,1868.518519,934.2592595
As-2X,2,As04_T1_S1_PC1_ndhB,As04,ndhB,Pt,2,1,2700.75188,1350.37594
As-2X,2,As05_T1_S1_PC1_ndhB,As05,ndhB,Pt,2,1,1085.526316,542.763158
As-2X,2,As06_T1_S1_PC1_ndhB,As06,ndhB,Pt,2,1,1803.773585,901.8867925
As-2X,2,As07_T1_S1_PC1_ndhB,As07,ndhB,Pt,2,1,1726.666667,863.3333335
As-2X,2,As08_T1_S1_PC1_ndhB,As08,ndhB,Pt,2,1,2016.363636,1008.181818
As-2X,2,As09_T1_S1_PC1_ndhB,As09,ndhB,Pt,2,1,752.4752476,376.2376238
As-2X,2,As14_T1_S1_PC1_ndhB,As14,ndhB,Pt,2,1,1059.055118,529.527559
As-2X,2,As16_T1_S1_PC1_ndhB,As16,ndhB,Pt,2,1,1220,610
Ta-6X,6,Ta01_T1_S1_PC1_ndhB,Ta01,ndhB,Pt,2,1,5717.64706,952.9411767
Ta-6X,6,Ta02_T1_S1_PC1_ndhB,Ta02,ndhB,Pt,2,1,5657.142858,942.857143
Ta-6X,6,Ta03_T1_S1_PC1_ndhB,Ta03,ndhB,Pt,2,1,4810.90909,801.8181817
Ta-6X,6,Ta04_T1_S1_PC1_ndhB,Ta04,ndhB,Pt,2,1,4323.214286,720.5357143
Ta-6X,6,Ta05_T1_S1_PC1_ndhB,Ta05,ndhB,Pt,2,1,4969.465648,828.2442747
Ta-6X,6,Ta06_T1_S1_PC1_ndhB,Ta06,ndhB,Pt,2,1,4583.333334,763.888889
Ta-6X,6,Ta07_T1_S1_PC1_ndhB,Ta07,ndhB,Pt,2,1,3600,600
Ta-6X,6,Ta08_T1_S1_PC1_ndhB,Ta08,ndhB,Pt,2,1,5887.179488,981.1965813
Ta-6X,6,Ta09_T1_S1_PC1_ndhB,Ta09,ndhB,Pt,2,1,5480.357144,913.3928573
Ta-6X,6,Ta10_T1_S1_PC1_ndhB,Ta10,ndhB,Pt,2,1,3809.756098,634.9593497
Tt-4X,4,Tt01_T1_S1_PC1_ndhB,Tt01,ndhB,Pt,2,1,5179.381444,1294.845361
Tt-4X,4,Tt02_T1_S1_PC1_ndhB,Tt02,ndhB,Pt,2,1,3012.844038,753.2110095
Tt-4X,4,Tt03_T1_S1_PC1_ndhB,Tt03,ndhB,Pt,2,1,4066.18705,1016.546763
Tt-4X,4,Tt04_T1_S1_PC1_ndhB,Tt04,ndhB,Pt,2,1,3821.428572,955.357143
Tt-4X,4,Tt05_T1_S1_PC1_ndhB,Tt05,ndhB,Pt,2,1,3368.421054,842.1052635
Tt-4X,4,Tt06_T1_S1_PC1_ndhB,Tt06,ndhB,Pt,2,1,4866.666668,1216.666667
Tt-4X,4,Tt07_T1_S1_PC1_ndhB,Tt07,ndhB,Pt,2,1,4371.929826,1092.982457
Tt-4X,4,Tt08_T1_S1_PC1_ndhB,Tt08,ndhB,Pt,2,1,4522.580646,1130.645162
Tt-4X,4,Tt09_T1_S1_PC1_ndhB,Tt09,ndhB,Pt,2,1,3531.147542,882.7868855
Tt-4X,4,Tt10_T1_S1_PC1_ndhB,Tt10,ndhB,Pt,2,1,5582.7957,1395.698925
Tu-2X,2,Tu01_T1_S1_PC1_ndhB,Tu01,ndhB,Pt,2,1,2361.702128,1180.851064
Tu-2X,2,Tu03_T1_S1_PC1_ndhB,Tu03,ndhB,Pt,2,1,1969.090909,984.5454545
Tu-2X,2,Tu04_T1_S1_PC1_ndhB,Tu04,ndhB,Pt,2,1,2295.575222,1147.787611
Tu-2X,2,Tu06_T1_S1_PC1_ndhB,Tu06,ndhB,Pt,2,1,1578.823529,789.4117645
Tu-2X,2,Tu09_T1_S1_PC1_ndhB,Tu09,ndhB,Pt,2,1,2187.931034,1093.965517
Tu-2X,2,Tu11_T1_S1_PC1_ndhB,Tu11,ndhB,Pt,2,1,1823.188406,911.594203
Tu-2X,2,Tu12_T1_S1_PC1_ndhB,Tu12,ndhB,Pt,2,1,989.7435898,494.8717949
As-2X,2,As02_T1_S1_PC2_psaA,As02,psaA,Pt,1,2,1872.5,936.25
As-2X,2,As03_T1_S1_PC2_psaA,As03,psaA,Pt,1,2,1389.61039,694.805195
As-2X,2,As04_T1_S1_PC2_psaA,As04,psaA,Pt,1,2,2768.115942,1384.057971
As-2X,2,As05_T1_S1_PC2_psaA,As05,psaA,Pt,1,2,1335.80705,667.903525
As-2X,2,As06_T1_S1_PC2_psaA,As06,psaA,Pt,1,2,1875.968992,937.984496
As-2X,2,As07_T1_S1_PC2_psaA,As07,psaA,Pt,1,2,1185.340314,592.670157
As-2X,2,As08_T1_S1_PC2_psaA,As08,psaA,Pt,1,2,1767.901235,883.9506175
As-2X,2,As09_T1_S1_PC2_psaA,As09,psaA,Pt,1,2,800,400
As-2X,2,As14_T1_S1_PC2_psaA,As14,psaA,Pt,1,2,963.7681159,481.884058
As-2X,2,As16_T1_S1_PC2_psaA,As16,psaA,Pt,1,2,1452.380952,726.190476
Ta-6X,6,Ta01_T1_S1_PC2_psaA,Ta01,psaA,Pt,1,2,5370.114943,895.0191572
Ta-6X,6,Ta02_T1_S1_PC2_psaA,Ta02,psaA,Pt,1,2,5110.26616,851.7110267
Ta-6X,6,Ta03_T1_S1_PC2_psaA,Ta03,psaA,Pt,1,2,5344,890.6666667
Ta-6X,6,Ta04_T1_S1_PC2_psaA,Ta04,psaA,Pt,1,2,4096.385542,682.7309237
Ta-6X,6,Ta05_T1_S1_PC2_psaA,Ta05,psaA,Pt,1,2,4529.032258,754.8387097
Ta-6X,6,Ta06_T1_S1_PC2_psaA,Ta06,psaA,Pt,1,2,4315.662651,719.2771085
Ta-6X,6,Ta07_T1_S1_PC2_psaA,Ta07,psaA,Pt,1,2,4192,698.6666667
Ta-6X,6,Ta08_T1_S1_PC2_psaA,Ta08,psaA,Pt,1,2,6170.040485,1028.340081
Ta-6X,6,Ta09_T1_S1_PC2_psaA,Ta09,psaA,Pt,1,2,5042.599278,840.433213
Ta-6X,6,Ta10_T1_S1_PC2_psaA,Ta10,psaA,Pt,1,2,3796.875,632.8125
Tt-4X,4,Tt01_T1_S1_PC2_psaA,Tt01,psaA,Pt,1,2,5340.084388,1335.021097
Tt-4X,4,Tt02_T1_S1_PC2_psaA,Tt02,psaA,Pt,1,2,3030.03663,757.5091575
Tt-4X,4,Tt03_T1_S1_PC2_psaA,Tt03,psaA,Pt,1,2,3368.944099,842.2360248
Tt-4X,4,Tt04_T1_S1_PC2_psaA,Tt04,psaA,Pt,1,2,3115.471698,778.8679245
Tt-4X,4,Tt05_T1_S1_PC2_psaA,Tt05,psaA,Pt,1,2,3377.777778,844.4444445
Tt-4X,4,Tt06_T1_S1_PC2_psaA,Tt06,psaA,Pt,1,2,4588.474576,1147.118644
Tt-4X,4,Tt07_T1_S1_PC2_psaA,Tt07,psaA,Pt,1,2,4026.373626,1006.593407
Tt-4X,4,Tt08_T1_S1_PC2_psaA,Tt08,psaA,Pt,1,2,4447.65343,1111.913358
Tt-4X,4,Tt09_T1_S1_PC2_psaA,Tt09,psaA,Pt,1,2,3787.096774,946.7741935
Tt-4X,4,Tt10_T1_S1_PC2_psaA,Tt10,psaA,Pt,1,2,4419.858156,1104.964539
Tu-2X,2,Tu01_T1_S1_PC2_psaA,Tu01,psaA,Pt,1,2,1826.229508,913.114754
Tu-2X,2,Tu03_T1_S1_PC2_psaA,Tu03,psaA,Pt,1,2,1826.609442,913.304721
Tu-2X,2,Tu04_T1_S1_PC2_psaA,Tu04,psaA,Pt,1,2,2048.22695,1024.113475
Tu-2X,2,Tu06_T1_S1_PC2_psaA,Tu06,psaA,Pt,1,2,1633.939394,816.969697
Tu-2X,2,Tu09_T1_S1_PC2_psaA,Tu09,psaA,Pt,1,2,1671.684588,835.842294
Tu-2X,2,Tu11_T1_S1_PC2_psaA,Tu11,psaA,Pt,1,2,1647.058824,823.529412
Tu-2X,2,Tu12_T1_S1_PC2_psaA,Tu12,psaA,Pt,1,2,1485.34202,742.67101